USE [company_database_analysis]
GO
INSERT [dbo].[jobs] ([job_id], [job_title], [min_salary], [max_salary]) VALUES (1, N'software devloper', 50000, 500000)
INSERT [dbo].[jobs] ([job_id], [job_title], [min_salary], [max_salary]) VALUES (2, N'HR manager', 60000, 600000)
INSERT [dbo].[jobs] ([job_id], [job_title], [min_salary], [max_salary]) VALUES (3, N'sales excutive', 70000, 700000)
INSERT [dbo].[jobs] ([job_id], [job_title], [min_salary], [max_salary]) VALUES (4, N'project manager', 30000, 300000)
INSERT [dbo].[jobs] ([job_id], [job_title], [min_salary], [max_salary]) VALUES (5, N'data analyst', 30000, 300000)
INSERT [dbo].[departments] ([dept_id], [dept_name], [location]) VALUES (1, N'HR manager', N'faridabad')
INSERT [dbo].[departments] ([dept_id], [dept_name], [location]) VALUES (2, N'data analyst', N'delhi')
INSERT [dbo].[departments] ([dept_id], [dept_name], [location]) VALUES (3, N'web devloper', N'up')
INSERT [dbo].[departments] ([dept_id], [dept_name], [location]) VALUES (4, N'data engineer', N'bihar')
INSERT [dbo].[departments] ([dept_id], [dept_name], [location]) VALUES (5, N'full stack', N'pune')
INSERT [dbo].[employees] ([emp_id], [first_name], [last_name], [email_id], [phone], [hire_date], [job_id], [dept_id], [salary_id], [manager_id]) VALUES (1, N'rahul', N'raj', N'rahul123@gmail.com', N'9748983989', CAST(N'2015-04-23' AS Date), 1, 1, 1, 1)
INSERT [dbo].[employees] ([emp_id], [first_name], [last_name], [email_id], [phone], [hire_date], [job_id], [dept_id], [salary_id], [manager_id]) VALUES (2, N'aniket', N'kumar', N'aniket456@gmail.com', N'9479389939', CAST(N'2020-05-23' AS Date), 2, 2, 2, 2)
INSERT [dbo].[employees] ([emp_id], [first_name], [last_name], [email_id], [phone], [hire_date], [job_id], [dept_id], [salary_id], [manager_id]) VALUES (3, N'animesh', N'singh', N'animesh789@gmail.com', N'868979979', CAST(N'2022-08-04' AS Date), 3, 3, 3, 3)
INSERT [dbo].[employees] ([emp_id], [first_name], [last_name], [email_id], [phone], [hire_date], [job_id], [dept_id], [salary_id], [manager_id]) VALUES (4, N'akash', N'choudhary', N'akash987@gmail.com', N'47997899', CAST(N'2019-08-06' AS Date), 4, 4, 4, 4)
INSERT [dbo].[employees] ([emp_id], [first_name], [last_name], [email_id], [phone], [hire_date], [job_id], [dept_id], [salary_id], [manager_id]) VALUES (5, N'tushar', N'rajjak', N'tushar979@gmail.com', N'8493793939', CAST(N'2013-06-10' AS Date), 5, 5, 5, 5)
INSERT [dbo].[projects] ([project_id], [project_name], [project_date], [end_date]) VALUES (1, N'app devlopment', CAST(N'2026-01-01' AS Date), CAST(N'2026-05-01' AS Date))
INSERT [dbo].[projects] ([project_id], [project_name], [project_date], [end_date]) VALUES (2, N'mobile app', CAST(N'2026-01-01' AS Date), CAST(N'2026-08-01' AS Date))
INSERT [dbo].[projects] ([project_id], [project_name], [project_date], [end_date]) VALUES (3, N'E-commerce platform', CAST(N'2026-01-01' AS Date), CAST(N'2026-09-01' AS Date))
INSERT [dbo].[projects] ([project_id], [project_name], [project_date], [end_date]) VALUES (4, N'full stack', CAST(N'2026-01-01' AS Date), CAST(N'2026-12-14' AS Date))
INSERT [dbo].[projects] ([project_id], [project_name], [project_date], [end_date]) VALUES (5, N'data project', CAST(N'2026-03-23' AS Date), CAST(N'2026-11-17' AS Date))
INSERT [dbo].[employees_project] ([emp_id], [project_id], [role], [assigned_date]) VALUES (1, 1, N'data project', CAST(N'2026-04-01' AS Date))
INSERT [dbo].[employees_project] ([emp_id], [project_id], [role], [assigned_date]) VALUES (1, 2, N'mobile app', CAST(N'2026-04-01' AS Date))
INSERT [dbo].[employees_project] ([emp_id], [project_id], [role], [assigned_date]) VALUES (2, 3, N'app devlopment', CAST(N'2026-01-13' AS Date))
INSERT [dbo].[employees_project] ([emp_id], [project_id], [role], [assigned_date]) VALUES (3, 4, N'full stack', CAST(N'2026-01-26' AS Date))
INSERT [dbo].[employees_project] ([emp_id], [project_id], [role], [assigned_date]) VALUES (4, 5, N'E-commerce platform', CAST(N'2026-02-19' AS Date))
INSERT [dbo].[employees_project] ([emp_id], [project_id], [role], [assigned_date]) VALUES (5, 1, N'app devlopment', CAST(N'2026-02-13' AS Date))
INSERT [dbo].[salaries] ([salary_id], [emp_id], [salary], [effective_date]) VALUES (1, 1, 49000, CAST(N'2026-09-28' AS Date))
INSERT [dbo].[salaries] ([salary_id], [emp_id], [salary], [effective_date]) VALUES (2, 2, 78000, CAST(N'2026-02-08' AS Date))
INSERT [dbo].[salaries] ([salary_id], [emp_id], [salary], [effective_date]) VALUES (3, 3, 67000, CAST(N'2026-04-28' AS Date))
INSERT [dbo].[salaries] ([salary_id], [emp_id], [salary], [effective_date]) VALUES (4, 4, 78000, CAST(N'2026-03-27' AS Date))
INSERT [dbo].[salaries] ([salary_id], [emp_id], [salary], [effective_date]) VALUES (5, 5, 98000, CAST(N'2026-02-28' AS Date))